{
  "model": "/nvme-data/ligm/runs/stage1-ligm-seed11/final",
  "documents": 32,
  "buckets": {
    "local": {
      "count": 35244,
      "accuracy": 0.8381001021450459
    },
    "long": {
      "count": 10499,
      "accuracy": 0.4904276597771216
    }
  }
}
